Emp ID,Name,DOB,SSN,State
214,Sarah Simpson,12/4/1985,282-01-8166,Florida
15,Samantha Lara,9/8/1993,848-80-7526,Colorado
411,Stacy Charles,12/20/1957,658-75-8526,Pennsylvania
166,Michelle Roy,7/29/1978,794-25-3944,Michigan
39,Joseph Rogers,3/28/1985,525-40-3515,Minnesota
423,Erica Hines,10/13/1975,034-90-6153,New York
192,Zoe Patel,12/20/1967,037-50-0817,Wisconsin
162,Matthew Harvey,1/20/1990,244-53-0346,Tennessee
131,Shawn Davis,7/21/1961,309-08-1581,West Virginia
20,April Baldwin,8/7/1961,068-61-2014,Missouri
246,Vincent Daniels,1/6/1972,319-38-2754,Montana
525,Ann Fields,8/22/1960,752-98-7911,Iowa
392,Jeffrey Pearson,5/5/1979,171-82-2578,Illinois
474,Heather Johnson,9/23/1989,724-30-0904,Georgia
478,Melissa Fletcher,3/14/1979,899-91-6881,Rhode Island
101,Kimberly Alvarez,9/4/1984,138-08-8680,Louisiana
52,Monica Jimenez,4/8/1988,835-26-1668,North Dakota
182,Steven Johnson,5/28/1962,026-20-7070,Nebraska
637,Sarah Wood,6/15/1972,235-96-6715,Florida
510,Jesus Petersen,3/28/1958,133-75-0770,Oklahoma
122,Rhonda Rosales,4/10/1963,498-27-0286,Alabama
294,Nicole Richardson,9/9/1981,369-83-5228,Louisiana
327,Jennifer Mendez,7/20/1977,736-41-1994,Oregon
145,Sandra Petty,1/30/1981,702-18-7629,North Carolina
565,Michael Hester,4/13/1987,022-21-6836,South Dakota
590,Joseph Brown,8/28/1982,517-03-4744,New Hampshire
340,Michelle Cooper,8/23/1993,056-59-2306,Washington
176,Barbara Wise,12/15/1991,894-82-7662,Indiana
63,Carol Rosales,7/20/1984,874-92-4907,New Jersey
121,Mark Villa,2/24/1969,700-15-2207,Mississippi
70,Russell Orozco,9/16/1973,241-61-5514,Mississippi
446,Michelle Sanchez,8/21/1994,377-34-5222,Oklahoma
156,Briana Ayala,10/31/1965,039-74-4542,Connecticut
343,Shane Roberts,12/14/1958,225-39-6030,Hawaii
599,Cassandra Morris,1/24/1973,109-15-3831,Montana
102,Krista Thompson,7/25/1984,827-54-7445,Kentucky
377,Jon Bennett,9/13/1957,135-85-1689,New Mexico
240,April Thomas,12/3/1993,372-48-3580,Colorado
455,Haley Martinez,1/15/1968,179-78-3736,Idaho
503,Isaac Stafford,11/25/1989,759-75-5036,South Dakota
269,John Martinez,1/6/1987,035-41-3936,New Hampshire
219,John Phillips,12/8/1982,488-42-4070,West Virginia
301,Gary Shelton,9/11/1978,245-30-9672,South Dakota
84,Amanda Gordon,10/12/1969,093-15-2966,Maine
588,Jessica Holt,9/12/1963,741-11-6084,Nebraska
540,Stephanie Estes,7/15/1966,274-51-9779,South Dakota
329,Jessica Brown,2/1/1992,430-42-7328,Mississippi
74,Donna Manning,5/19/1973,279-18-7781,New Mexico
29,Nicholas Owens,8/20/1991,307-42-7882,Virginia
92,Wendy Ryan,5/13/1960,218-69-0741,Arizona
489,Kimberly Hooper,9/8/1971,756-97-3136,Georgia
561,Deborah Gonzalez,5/28/1975,020-98-0643,Montana
44,Laura Yoder,4/18/1987,376-03-3016,Indiana
138,Kimberly Velez,3/7/1958,430-03-0707,Arizona
623,Kevin Garcia,5/15/1973,696-93-4337,Oklahoma
173,Marcia Jones,11/20/1972,848-99-0963,North Dakota
148,Nicole Baldwin,8/11/1978,720-35-5508,Nevada
184,Katherine Juarez,2/13/1986,060-72-8687,California
228,Paula Thompson,9/22/1985,568-48-7734,North Carolina
117,Joan Hoover,2/27/1973,689-60-5429,New Mexico
544,Stephen Simon,11/28/1962,591-94-1621,Nevada
116,Rebecca Taylor,9/30/1962,130-97-9126,Minnesota
622,Lindsay Owens,4/28/1973,596-62-6742,Delaware
376,Justin Payne,7/3/1983,055-45-7892,Alaska
100,Michelle Thornton,1/25/1961,502-30-4112,Georgia
222,Timothy Hill,8/11/1985,772-61-4460,South Carolina
506,Karen Johnson,1/5/1976,779-15-5174,Ohio
59,Alexis Mcintosh,3/1/1962,870-65-9185,Kentucky
456,Susan Fitzgerald,9/18/1961,265-14-3222,Alabama
389,Amber Stewart,8/26/1958,308-32-3120,Ohio
236,Taylor Evans,7/17/1983,725-79-2641,New Jersey
78,Tracy Knight,9/27/1993,042-56-8339,Idaho
253,Jason Parks,2/27/1981,088-08-2601,Arizona
67,Jonathan Carroll,6/15/1973,343-24-7126,South Carolina
642,Sara Wallace,6/21/1959,132-20-6918,Mississippi
279,Jeffrey Mitchell,5/23/1969,547-04-4559,Utah
41,April West,3/11/1986,348-25-9544,Delaware
30,Ryan Reynolds,2/5/1973,474-92-2883,Indiana
462,Rachel Bell,7/24/1989,451-75-1379,Alabama
87,Amber Williamson,6/20/1984,178-09-4567,Louisiana
26,Tony Park,10/8/1968,146-60-7749,Utah
553,Robert Jefferson,10/4/1981,364-47-6302,Ohio
151,Sarah Hernandez,7/5/1987,248-41-5549,Wyoming
523,Margaret Foley,12/19/1968,466-57-4633,California
434,Tina Christensen,3/1/1988,140-03-0333,Tennessee
1,Isaac Gomez,10/16/1987,360-76-4728,Wyoming
365,Phillip Davis,4/24/1961,691-06-5132,Vermont
230,Brian Douglas,9/18/1979,308-74-9324,Nevada
357,Teresa Wilson,8/12/1994,370-66-9378,Indiana
142,Timothy Wilson,11/21/1993,362-88-1270,West Virginia
606,Lori Davies,8/21/1980,090-30-9489,Alaska
129,Brittany Stone,11/21/1985,159-22-0950,Colorado
34,Matthew Rogers,3/9/1974,571-16-2560,California
190,Francisco Gardner,8/18/1972,541-83-0367,Wisconsin
259,Ashley Patrick,12/6/1979,134-56-7953,Oregon
471,Brandi Frey,7/23/1979,604-25-2997,Maryland
362,Garrett Kelley,12/20/1974,235-22-1192,Pennsylvania
620,Robert Barron,4/19/1985,057-87-0735,Nebraska
299,Lee Serrano,6/19/1967,775-19-0867,West Virginia
213,Jessica Vance,4/30/1959,260-03-9076,Delaware
427,Russell Ashley,2/15/1973,270-49-2395,Ohio
105,Catherine Richardson,10/3/1989,456-33-2969,Wyoming
260,Sheri Hamilton,3/12/1986,323-01-9319,New Hampshire
547,Craig Strickland,2/27/1968,618-88-3498,North Dakota
28,Brandon Hall,9/30/1969,787-99-6416,Alaska
486,Karla Adams,11/18/1962,134-28-7524,Vermont
300,Ernest Washington,7/15/1990,620-77-9800,Florida
501,John Owens,5/15/1989,220-27-7554,Montana
584,Roberto Farmer,5/4/1968,567-63-3936,Louisiana
453,Tom Bailey,1/24/1980,879-46-1663,Iowa
16,Jennifer White,1/17/1966,748-97-1698,Michigan
185,Courtney Mendez,11/25/1961,342-58-8268,Nebraska
223,Jasmine Miller,5/13/1971,014-69-2427,Maryland
290,Amy Bryan,6/24/1969,064-94-2636,California
71,Melvin Pruitt,5/6/1994,095-27-4970,Alaska
73,Amanda Carrillo,10/25/1957,102-77-8942,Mississippi
549,Anthony Nguyen,3/10/1987,491-26-6484,North Dakota
359,Kaitlyn Charles,11/23/1965,792-34-7712,New Hampshire
631,Rebecca Pollard,3/17/1977,217-17-9010,Florida
585,James Jackson,9/2/1987,458-49-8491,Maine
641,Gina Jones,2/5/1964,324-84-3596,Hawaii
564,Tyler Woodward,5/6/1983,156-67-7298,Kansas
149,Hannah Schultz,12/28/1984,890-38-7228,New York
430,Anthony Sims,4/20/1976,747-10-1311,Connecticut
587,Jessica Wallace,5/2/1981,059-30-7152,Wisconsin
420,Jonathan Pearson,1/3/1980,125-92-7840,Vermont
625,Richard Hunt,9/17/1987,718-77-9513,Indiana
319,Madison Ballard,3/11/1966,576-77-3750,Delaware
18,Kathryn Blair,8/7/1993,393-75-8028,Georgia
535,Kristina Patterson,3/28/1958,618-80-5885,Connecticut
417,Kathryn Bryant,4/9/1957,439-47-8017,Colorado
391,Jerry Ayala,3/2/1982,223-24-9737,Washington
274,Karen Rodriguez,7/30/1994,057-45-3813,Connecticut
270,Daniel Jacobs,4/24/1972,279-96-6724,Texas
537,Stephanie Campbell,8/30/1968,163-80-3547,Tennessee
341,Michael Pacheco,4/29/1977,685-31-6378,Louisiana
402,Steven Garcia,4/1/1991,006-04-9437,Montana
476,Brenda Hall,7/15/1957,740-56-7869,Texas
367,Rhonda Smith,6/27/1969,373-45-5595,Maine
407,Tracy Francis,1/26/1960,632-97-8950,Vermont
280,Dawn Fernandez,4/14/1981,526-07-9216,Nebraska
524,Matthew Wells,8/29/1958,241-85-2780,Florida
57,Joel Walker,9/20/1979,261-53-6637,Florida
312,Paula Shea,8/15/1978,091-50-1746,Ohio
649,Paul Bell,5/23/1976,027-68-7411,Wisconsin
488,Frederick Roberson,1/2/1978,830-16-0114,Michigan
139,Melissa Armstrong,3/17/1959,687-67-9454,Oregon
412,Jennifer Alexander,1/15/1969,213-74-9026,Alaska
5,Cassandra Perez,9/2/1986,021-28-1151,Illinois
153,Anthony Austin,12/17/1965,645-42-9162,Wisconsin
321,Cynthia Jones,8/11/1976,360-54-3428,Rhode Island
541,Oscar Bernard,4/7/1990,191-69-5243,Illinois
406,Amanda Hendrix,11/19/1980,294-27-7721,Arkansas
204,Vincent Henry,8/22/1961,446-65-5624,Utah
567,Lauren Bush,12/19/1976,523-18-3299,Georgia
187,Stacey Bates,6/17/1961,780-13-1470,California
460,Amanda Khan,4/16/1971,328-79-9388,Nebraska
212,Amanda Sutton,12/7/1973,399-25-2368,Arkansas
617,Joshua Li,3/20/1992,580-04-6050,Idaho
353,Becky Kennedy,4/5/1987,737-98-4807,Michigan
383,Laura Espinoza,9/4/1978,635-60-5712,Florida
91,Joshua Murphy,12/31/1970,379-74-7318,Wisconsin
429,Randall Bowen,4/11/1969,479-31-0666,Texas
40,Michelle Pham,7/31/1979,510-25-2595,South Carolina
298,Emily Thomas,7/10/1974,703-31-6906,Rhode Island
400,Jessica Kelley,12/15/1976,346-41-4271,Kentucky
480,Jeffrey Brown,12/23/1968,714-90-7392,Washington
375,Jennifer Keith,11/24/1990,749-06-2614,Arkansas
626,Joshua Romero,10/14/1979,221-21-4169,New Mexico
97,Frank Walker,12/13/1976,874-56-5611,Arizona
291,Cody Lindsey,1/29/1965,860-65-8099,Alabama
614,Cody Baker,3/9/1979,456-54-5896,Vermont
552,Jaclyn Wall,12/13/1985,014-30-5336,South Dakota
338,Kaitlyn Roy,6/15/1965,854-73-0939,Minnesota
513,Allison Lee,4/4/1994,267-45-8932,Utah
231,Heather Patterson,6/8/1969,114-66-2886,West Virginia
443,Carrie Thomas,8/8/1980,803-52-8236,Massachusetts
140,David Gutierrez,8/14/1967,179-44-9234,Nebraska
96,Harold Robinson,8/20/1965,067-87-7098,New Mexico
531,Alex Graham,11/27/1978,698-33-6911,Kentucky
403,Steven Thompson,1/1/1978,555-61-0637,New Jersey
580,Barbara Martin,11/11/1971,460-83-5120,Nebraska
113,Theresa Cochran,2/23/1976,774-88-2404,Iowa
289,Michael Madden,9/5/1964,431-73-2946,Colorado
247,Brian Chase,5/1/1989,590-10-3628,Arizona
472,Carolyn Rodriguez,11/16/1962,327-51-2185,Rhode Island
582,Breanna Williams,6/3/1994,257-97-8593,North Carolina
265,Anne Cook,11/11/1981,499-21-8560,New York
281,Tara Bowers,9/22/1975,742-78-7048,New York
330,Joyce Hall,10/10/1980,701-37-4819,Virginia
372,Sydney George,1/24/1959,718-29-8264,Florida
628,Lindsay Williams,9/19/1977,734-95-4792,Nevada
445,Darrell Thomas,3/14/1986,535-82-2653,Utah
316,Thomas Knight,8/7/1965,545-38-2441,New Jersey
499,Carolyn Diaz,4/20/1991,105-95-2117,Delaware
528,Karen Ball,4/13/1986,649-62-9411,North Dakota
242,Ronald Richardson,4/20/1988,865-29-6742,Georgia
632,Donna Williams,9/1/1986,223-16-3144,Mississippi
313,Molly Wright,2/23/1991,507-49-7938,Washington
89,Jeffrey Mcintyre,6/2/1974,265-42-8359,Kansas
130,Tabitha Parks,1/19/1975,290-37-8386,Iowa
3,Melissa Padilla,12/8/1982,665-02-9382,Montana
586,George Harris,11/15/1979,111-98-2111,Arizona
355,Cheryl Hancock,9/3/1993,521-93-2522,Idaho
532,Jeffrey Paul,1/12/1972,343-46-0457,Montana
326,Wendy Jones,4/20/1979,864-30-4078,New York
225,Elizabeth Johnson,12/1/1981,380-97-8375,Arkansas
191,Charles Green,5/22/1990,786-80-9288,South Carolina
444,Jeffrey Cooper,12/14/1970,147-37-7671,Maryland
490,Judith Brooks,1/25/1971,245-34-6779,Indiana
609,Amanda Ramsey,4/10/1971,741-36-2683,South Carolina
47,Stephen Oliver,12/27/1984,145-82-5500,California
508,Nancy Rodriguez,2/13/1988,613-76-1027,Maryland
388,Joshua Powers,5/13/1971,663-05-4897,Florida
331,Lisa Stein,2/7/1980,800-85-2075,California
264,Jessica Martin,8/18/1967,189-67-8568,Nevada
589,George Hardy,4/17/1990,787-04-4162,New Mexico
278,Jonathan Carney,11/8/1990,255-67-0506,Colorado
526,Carol Robertson,2/1/1959,699-48-6248,Illinois
205,Susan Zhang,3/18/1983,443-61-5874,Connecticut
199,Christopher Cameron,8/30/1969,872-37-1053,New York
550,Paul Ramsey,5/14/1990,214-03-6565,Maryland
103,David Torres,3/26/1971,868-70-5176,Mississippi
465,Barbara Roberts,10/22/1993,652-67-9440,Kansas
348,Nicholas Dunn,5/22/1985,771-91-1196,Maryland
158,John Long,10/9/1966,518-31-8394,Nebraska
361,Shelby Porter,1/9/1992,446-69-7391,Maine
610,Judith Robinson,8/29/1973,047-39-3792,Florida
235,Justin Holt,9/19/1969,867-72-2854,Wyoming
442,Laura Valdez,9/14/1988,433-54-2068,Illinois
215,Jesse Rosales,12/29/1989,890-51-0642,West Virginia
17,Amy Duran,4/2/1992,518-94-5581,Minnesota
363,Joshua Williams,11/6/1976,698-57-1375,Indiana
438,Robert Davis,3/28/1986,121-17-0776,Nebraska
111,Lisa Houston,6/27/1966,337-50-5946,Ohio
396,Timothy Williams,11/27/1978,402-11-5842,Illinois
255,Kim Finley,3/9/1973,849-06-6351,South Carolina
226,Andrew Lopez,6/11/1962,526-76-7248,Tennessee
652,Veronica Herrera,10/22/1958,337-88-4723,Iowa
64,Bob Murphy,1/14/1982,751-77-8100,South Dakota
415,Timothy Duncan,9/25/1977,660-93-7493,Indiana
354,David Sandoval,11/26/1985,292-04-6963,West Virginia
517,Tony Graves,10/19/1980,276-82-5360,Idaho
292,Andrea Fuller,7/17/1981,437-94-0698,Washington
579,William Carney,6/16/1974,268-62-3440,Wyoming
181,Daniel Dominguez,11/15/1992,161-73-9595,Kentucky
556,David Franco,10/30/1983,281-76-2451,New York
351,Justin Ortiz,1/29/1961,211-12-6761,Alaska
405,Sara Jarvis,7/23/1964,393-24-3953,West Virginia
647,Adam Green,5/9/1988,047-55-5674,Tennessee
646,Debra Flores,4/2/1969,466-93-7111,Kansas
79,Jennifer Adams,12/4/1988,104-19-1210,Rhode Island
371,Lori Sosa,6/14/1988,671-78-7062,Michigan
542,Cory Mora,3/27/1985,406-86-0325,Nevada
261,Denise Hughes,9/20/1966,329-15-7879,Utah
368,Anthony Jenkins,9/5/1957,713-25-0437,Massachusetts
439,Leonard Soto,10/17/1986,162-09-1991,Nebraska
82,Donald Todd,7/16/1960,067-88-6930,Michigan
431,Christopher Long,8/24/1979,710-77-2737,Vermont
155,Donald Pierce,2/27/1976,207-92-1562,New Jersey
189,Matthew Sullivan,2/25/1986,416-95-6697,Mississippi
393,Brianna Stevens,6/11/1965,814-62-4666,Montana
451,Jacqueline Villegas,2/13/1981,429-08-8948,South Carolina
22,Mary Diaz,2/18/1964,393-59-8701,Georgia
470,Steven Taylor,12/1/1985,755-10-1803,New Hampshire
384,Edward Jimenez,8/19/1980,567-95-1355,Kentucky
7,John Joseph,1/7/1992,224-47-0413,Pennsylvania
258,Jared Fletcher,7/16/1977,602-32-9304,Vermont
568,Kathleen Hill,2/4/1970,002-16-3356,New Hampshire
56,Johnny Warner,8/16/1965,085-69-4164,New Hampshire
621,Frank Smith,2/8/1971,479-57-1100,Illinois
49,Stephanie Thompson,3/26/1957,344-06-6249,Rhode Island
397,Angela Cannon,9/13/1992,745-69-3459,Kansas
36,Trevor Robinson,4/26/1967,043-69-3462,West Virginia
33,Gregory Powers,5/19/1969,385-64-8879,Kansas
224,Michael Sparks,11/3/1982,872-05-6809,North Carolina
634,George Flores,1/31/1989,660-52-0195,Iowa
144,Michael Hall,1/22/1986,061-68-0161,Arizona
491,Susan Williamson,5/27/1973,730-88-0355,Indiana
309,Luis Norton,5/11/1988,388-67-6955,Wisconsin
211,Victoria Pearson,3/7/1990,193-24-5518,North Dakota
475,Roger Nichols,1/13/1976,645-70-4515,Oregon
493,Jenny Mills,11/10/1983,064-04-1434,Wisconsin
128,Joshua Moore,9/30/1965,754-69-8369,Pennsylvania
262,James Carr,2/25/1979,715-41-8546,Alabama
597,David Lane,4/21/1974,532-28-4614,Minnesota
325,Beth Reese,4/30/1961,748-34-1223,Pennsylvania
573,Lindsay Thompson,9/24/1986,057-31-1306,Kansas
55,Amber Taylor,4/27/1982,101-80-6610,New York
132,Oscar Yates,4/3/1977,139-68-0620,Illinois
401,Anthony Cooper,6/4/1994,609-69-2490,California
483,Tracie Harrison,7/1/1983,275-09-7833,Delaware
424,Corey Herrera,11/8/1970,295-81-3228,Oregon
188,Anthony Kim,11/4/1981,342-25-7043,Wyoming
272,Kendra Marshall,9/11/1967,615-65-2658,Indiana
545,Debbie Chang,2/17/1993,644-76-8022,Pennsylvania
193,Miranda Simmons,3/27/1964,760-20-2359,Illinois
593,Catherine Murphy,8/11/1968,737-70-6401,Rhode Island
463,Nicholas Shelton,6/7/1984,711-43-0704,Georgia
334,Laura Winters,7/5/1969,412-53-4775,Georgia
596,Jill Barr,4/7/1983,085-07-7889,Minnesota
373,Lauren Ritter,12/26/1970,706-59-7600,Kansas
635,Anthony Short,6/7/1986,741-53-6004,Wyoming
315,Patrick Yates,5/7/1967,516-32-4036,North Carolina
120,Brett Mitchell,1/20/1976,162-71-8337,Wisconsin
110,Andrea Boone,2/5/1983,412-37-1089,Colorado
68,Charles Alvarez,2/1/1993,879-74-5142,Montana
14,Jeff Garner,12/21/1978,524-11-2191,Massachusetts
200,Natalie Williams,6/14/1971,530-26-2753,Massachusetts
62,Tracy King,11/17/1969,283-38-0822,North Carolina
263,Michael Huang,2/14/1990,872-82-6162,South Carolina
257,Ray Miller,3/9/1968,788-31-5774,California
61,Tracey Powers,4/28/1976,115-30-5107,Wyoming
107,Alexander Moore,7/5/1992,212-86-4136,Hawaii
322,Lisa Fisher,1/5/1977,735-25-4670,New Mexico
2,Tamara Gentry,4/3/1987,669-93-7430,South Carolina
81,Christopher Fitzgerald,4/19/1992,493-25-7096,Massachusetts
337,Jose Olson,1/20/1991,277-01-7256,Pennsylvania
93,Carrie Wallace,2/7/1966,439-21-8007,Georgia
366,Crystal Smith,4/30/1991,537-27-6884,New York
287,Caroline Edwards,10/20/1959,246-48-7816,Nevada
66,Carol Baker,8/1/1959,227-40-8196,Oregon
243,Alexandra Ward,12/27/1973,183-27-3414,Arkansas
603,Krystal Townsend,5/15/1990,026-74-6839,Arizona
277,Melanie Elliott,6/21/1976,154-81-2869,Minnesota
583,Tracey Barajas,1/9/1973,010-89-9722,Arkansas
268,Eric Barker,12/9/1976,617-54-2136,Georgia
234,Olivia Elliott,9/15/1991,351-59-7631,New Mexico
320,Daniel Reed,12/24/1969,862-32-3333,New Jersey
461,Roberto Pierce,7/3/1964,573-41-9982,Missouri
232,Lawrence Stewart,6/15/1987,549-28-1303,Missouri
13,Michael Snow,2/17/1965,129-08-2820,Kansas
108,Ashley Cruz,9/9/1973,728-91-3168,Massachusetts
216,Jesus Hobbs,12/10/1975,812-72-2648,Mississippi
304,Jody Riley,1/8/1978,426-61-6681,Connecticut
94,Joseph Scott,11/23/1993,836-87-4445,Maryland
171,Eric Sullivan,1/5/1993,225-47-8141,South Carolina
466,Christopher Cervantes,11/9/1975,673-34-7919,Vermont
498,Jennifer Leon,2/3/1959,766-19-2413,Arkansas
180,Victor Fuentes,12/7/1957,773-58-5844,Washington
9,Christine Marshall,12/5/1972,271-77-6538,Alabama
170,Amanda Garcia,12/3/1961,453-36-1013,New Jersey
172,Nancy Holloway,3/13/1983,246-82-4965,Alaska
46,Kimberly Banks,7/3/1990,808-01-7861,Arizona
576,Laura King,6/4/1971,629-67-5040,Arizona
11,Robert Mendoza,4/23/1982,855-95-0627,Iowa
80,Jessica Black,12/11/1981,532-57-6296,Kentucky
77,Cynthia Duffy,7/8/1990,293-88-0500,North Carolina
555,Aaron Henry,10/15/1978,090-70-3379,Michigan
95,Autumn Peterson,1/2/1965,537-45-9763,Oklahoma
595,Danielle Murphy,8/15/1963,205-60-0413,Texas
543,Deborah Hoffman,10/20/1986,755-03-9690,Montana
227,Kathy Palmer,7/19/1972,312-08-3934,Arkansas
572,Tim Smith,4/22/1967,681-85-8047,North Carolina
387,Renee Campbell,11/9/1970,544-32-2594,Missouri
380,Bryan Mcdaniel,4/19/1959,033-02-4659,Florida
203,Rhonda Flores,12/13/1974,280-87-3754,West Virginia
636,Jonathan Wright,6/17/1963,328-28-8490,Missouri
256,Sydney King,1/12/1977,304-26-5923,Florida
85,Janet Gonzales,12/8/1972,348-66-0243,Utah
520,Steve Russell,8/19/1978,715-22-9820,Washington
233,Craig Pennington,12/25/1957,156-21-8248,North Dakota
410,Andrew Thomas,4/11/1963,767-64-7838,Massachusetts
485,Miguel Woods,6/10/1992,672-61-1852,Maine
630,Samuel Anderson,3/2/1969,667-87-9480,South Carolina
295,Cynthia Clarke,5/29/1962,206-17-8148,Massachusetts
487,Adam Mcgrath,6/20/1960,015-05-3185,Alaska
616,Courtney Oconnell,4/3/1984,392-89-3672,South Dakota
435,Brandon Hudson,8/7/1966,595-28-4780,Illinois
349,Rachel Lewis,2/6/1985,450-59-5213,Georgia
557,Manuel Rodriguez,3/7/1981,799-07-0042,Washington
425,Gregory Wilkinson,8/23/1984,425-53-6395,North Carolina
273,Donna Lopez,8/3/1962,103-73-6360,New Hampshire
69,David Scott,3/10/1992,062-52-0749,Mississippi
571,Gregory Maxwell,11/21/1977,156-46-7057,Nevada
169,Daniel Wilkins,9/24/1975,570-69-4870,Mississippi
495,Jonathan Henry,6/8/1989,888-02-2026,Montana
350,Heather Shepherd,9/17/1984,461-10-2527,Washington
395,Cindy Munoz,10/30/1986,795-43-0435,New Hampshire
75,Dalton Bowman,12/24/1977,453-05-8792,Maine
244,Jon Clark,6/18/1967,351-25-8771,Tennessee
509,Amber Meyer,9/4/1983,599-25-5604,Louisiana
339,Steven Madden,6/18/1972,813-09-9767,Indiana
534,Victoria Lewis,1/4/1971,362-95-6283,Washington
419,Karl Dudley,12/14/1974,864-78-6649,Texas
386,Alicia Stone,12/24/1966,739-83-8324,Colorado
328,Max Mckay,8/17/1960,431-98-4918,South Carolina
612,Richard Brown,6/30/1979,518-81-0117,Montana
502,Heather Case,12/22/1971,691-75-1698,Arkansas
390,Amy Gonzalez,10/12/1965,627-70-2150,Utah
404,Brandon Armstrong,12/12/1973,423-27-5658,Arizona
159,Terrance Ewing,1/15/1981,315-12-5340,Virginia
115,Jessica Boyd,4/27/1960,373-21-9784,Virginia
422,Corey Taylor,3/9/1966,753-90-4578,Mississippi
250,Frank Blankenship,11/17/1958,482-20-3591,Mississippi
638,Monica Montgomery,10/14/1975,021-57-3158,Mississippi
414,Tammy Patrick,9/7/1961,439-17-7381,New Mexico
127,Corey Sawyer,8/13/1982,095-95-9114,Delaware
440,Linda Anthony,1/23/1994,115-31-7298,South Dakota
594,Travis Patrick,10/12/1967,017-91-7968,Tennessee
114,Linda Davis,8/8/1975,775-39-0620,Connecticut
109,Anthony Adams,2/9/1962,875-08-1396,Vermont
515,Christopher Johnson,11/3/1959,222-90-5547,Connecticut
31,Tracy Austin,8/6/1980,709-79-1904,Rhode Island
605,Matthew Woodward,3/26/1978,071-09-6667,Idaho
421,Donna Cole,1/19/1973,581-96-3401,New York
536,Alexis Allen,8/11/1963,804-16-6449,Tennessee
267,Stephen Parker,3/18/1967,508-61-9288,Colorado
210,Nicole Johnson,5/1/1963,314-33-0265,Pennsylvania
560,Daniel Green,6/16/1976,153-73-7915,Alaska
302,Dylan Adams,4/16/1966,343-46-4597,Colorado
640,Jason Davis,6/6/1970,654-58-5627,Louisiana
449,Jennifer Conrad,10/8/1973,131-63-2874,Wyoming
202,Stephen Dawson,6/30/1985,113-04-5741,Arizona
168,Douglas Smith,4/7/1981,652-93-9028,Massachusetts
119,Diane Gray,10/26/1968,499-92-1654,Hawaii
613,Benjamin Gordon,7/26/1974,470-96-3940,Colorado
473,Stephanie Miller,9/8/1983,170-37-8885,Louisiana
615,Lynn Stout,9/17/1973,705-73-6531,Maine
10,Malik Scott,2/2/1958,766-84-4261,Idaho
86,David Brown,7/28/1973,423-44-5706,Oklahoma
500,Nathan Jenkins,1/11/1968,279-01-6468,Wisconsin
38,Maria Bryant,7/17/1970,553-05-3505,Massachusetts
633,Michael Griffin,9/15/1963,173-02-4120,Washington
530,Nathan Smith,4/17/1979,239-54-9334,California
177,James Jackson,6/1/1958,867-20-4595,California
266,Erika Jones,2/2/1977,777-40-1552,Alabama
4,Stephanie Leon,4/6/1967,364-10-0580,Delaware
12,Anthony Walker,12/25/1969,532-20-5284,Rhode Island
477,Richard Brooks,10/17/1962,061-01-5295,Kentucky
575,Matthew Bishop,6/10/1973,432-55-9588,New Jersey
37,Anthony Thompson,10/4/1990,281-96-1051,Massachusetts
360,Justin Garcia,9/21/1961,636-67-6120,North Carolina
134,Miguel Garcia,12/21/1964,341-90-5477,Ohio
416,Jeffrey Randolph,9/24/1976,459-89-2699,Indiana
45,Raymond Tran,4/9/1957,409-49-8575,Florida
441,Brandon Webb,9/10/1966,462-03-8353,Utah
323,Brandon Petersen,7/6/1982,069-09-1657,Tennessee
58,Bryce Ball,7/3/1994,599-98-1674,Arizona
639,Blake Watkins,2/25/1973,207-67-0572,North Carolina
484,Gregory Morales,8/21/1960,221-92-5605,Colorado
50,Alyssa Wall,8/24/1964,277-84-2643,Washington
533,Cynthia Garcia,11/11/1960,553-04-2024,Idaho
611,Amber Williams,12/3/1969,425-23-7515,New Mexico
563,Steve Stark,7/2/1957,695-80-7390,Michigan
562,Charles Baird,2/29/1968,460-89-2710,Florida
559,Mackenzie Hall,2/28/1990,715-66-6862,Alabama
481,Aaron King,5/29/1964,760-94-8792,South Dakota
195,Joshua Perez,2/8/1984,361-39-1226,Georgia
186,Alexander Valdez,10/24/1975,426-12-7833,North Dakota
160,Ashley Santos,6/18/1983,242-96-4884,Alabama
143,Joshua Stephens,4/11/1988,667-51-9528,Vermont
492,Steven Long,8/18/1994,886-15-4594,Texas
6,Jack Jackson,7/5/1975,649-66-4734,New York
88,Roberto Leonard,1/20/1992,605-26-8779,Massachusetts
161,Michael Park,6/5/1981,521-79-4033,New Mexico
83,Carl Reeves,12/11/1965,600-56-8325,Louisiana
254,Paul Lee,7/22/1976,144-04-7697,Indiana
464,Kathryn Ramirez,8/4/1960,631-46-0099,Ohio
284,Daniel Medina,10/31/1973,486-97-8215,Mississippi
25,Jesse Gomez,1/30/1961,296-37-3664,South Carolina
218,Brandon Good,8/1/1991,186-85-5586,Virginia
99,Sandra Suarez,6/8/1974,750-33-7890,Georgia
356,Jeffrey Stevenson,12/7/1957,382-94-3851,Connecticut
317,Richard Mcdonald,2/21/1957,631-87-8008,North Dakota
229,Joanna Castillo,3/7/1984,296-96-1576,Indiana
581,Angelica Reyes,6/6/1992,721-94-7139,Arkansas
452,Jennifer Wright,3/6/1976,827-76-3901,New Mexico
518,James Porter,6/30/1957,278-06-1319,California
479,Krystal Brown,1/31/1961,151-43-8909,Texas
245,Christopher Reyes,2/1/1981,288-39-4713,Indiana
653,Luis Lewis,7/18/1965,011-71-3601,Hawaii
19,Lynn Owens,3/24/1985,412-70-8776,Rhode Island
650,Anthony Phillips,12/12/1960,230-99-3754,New Jersey
137,Jessica Mcdonald,12/29/1970,161-42-2911,Mississippi
619,Michelle Allen,9/13/1972,282-12-8147,Tennessee
654,Victor Webb,1/17/1959,432-20-2267,Tennessee
201,Martin Melton,4/6/1972,412-73-7978,New York
165,Pamela Miles,11/15/1962,514-94-5312,North Carolina
310,Christopher Compton,9/5/1958,372-23-6855,South Carolina
141,Annette Rice,3/15/1959,167-50-1866,Florida
600,Travis Meza,1/10/1974,847-31-4313,New Jersey
529,Brian Baker,7/28/1976,217-64-2839,Illinois
369,Sharon Lee,10/23/1967,400-59-7596,Delaware
32,Brian Sparks,2/14/1967,109-81-8194,Hawaii
522,Dana Ryan,10/10/1962,355-91-3761,Virginia
651,Maria Stevens,5/12/1958,727-25-9113,California
608,Julia Berry,6/17/1960,013-24-3759,New Hampshire
336,Sarah Williams,9/12/1964,722-12-3882,Iowa
516,Trevor Short,7/29/1980,417-96-2488,North Dakota
514,Michael Johnson,4/11/1962,215-59-6015,Maine
426,Louis Cross,11/13/1959,066-43-7111,Colorado
497,Ryan Smith,4/24/1964,861-78-2228,Oklahoma
468,Joan Carter,1/6/1964,172-87-8092,Kentucky
24,Karen Franklin,6/17/1967,808-19-4888,Vermont
221,Christian Palmer,4/30/1992,492-66-6104,Alabama
217,Kristopher Smith,10/20/1982,070-10-3545,Hawaii
399,Cheryl Velez,7/21/1963,565-39-3300,Tennessee
285,Jeffrey Harris,12/20/1993,445-91-9625,Mississippi
21,Jamie Doyle,6/11/1984,031-79-1529,Nevada
447,Adam Sims,12/20/1973,837-82-6337,Idaho
601,Joshua Griffith,8/1/1984,331-62-3344,Hawaii
378,Donald Koch,10/2/1989,326-51-5788,Connecticut
548,Wendy Leonard,3/18/1957,554-73-7962,Hawaii
42,Dana Hubbard,8/6/1980,747-30-4700,Florida
344,Brett Carson,2/27/1970,015-87-5338,Oklahoma
252,Erica Peters,11/5/1980,480-62-0341,South Carolina
428,William Carter,1/31/1989,310-44-1954,Vermont
220,Karen Taylor,1/29/1986,351-35-6243,Arizona
118,Virginia Cobb,12/4/1978,113-71-9307,Michigan
618,Tamara Watson,8/18/1968,800-36-6329,New Jersey
370,John Middleton,7/24/1983,087-98-7354,Oregon
23,Alex Cruz,12/23/1964,539-59-4744,Connecticut
511,Theresa Crawford,1/8/1973,723-67-9276,Illinois
43,Glenn Chavez,11/29/1970,031-56-5246,Nebraska
311,Carrie Davis,7/16/1963,278-60-7399,Wisconsin
136,Michael Haynes,9/13/1974,310-34-3346,Nebraska
72,Michele Arellano,4/12/1981,140-45-5875,Indiana
65,Gina Stevens,4/5/1992,837-93-2359,Pennsylvania
577,Elizabeth Hatfield,4/7/1959,207-97-7821,New Mexico
35,Michael Reyes,7/21/1958,599-75-1842,Florida
296,Spencer Wilson,9/18/1959,222-97-7753,Indiana
578,Kevin Smith,8/26/1992,256-43-8582,Indiana
98,Steven Giles,11/19/1980,745-28-2061,Virginia
569,Mario Butler,5/3/1979,799-72-3035,Massachusetts
248,Billy Romero,1/29/1958,506-37-3100,Vermont
433,Katie Miller,7/9/1970,592-79-7579,Massachusetts
307,William Salinas,4/24/1983,798-02-6013,Missouri
398,Kendra Alvarado,10/7/1957,140-27-0633,California
60,Kimberly Wright,3/20/1979,046-99-9022,Ohio
282,Judy Nelson,10/17/1968,463-45-2012,Nevada
436,Alexandra Golden,4/8/1978,796-59-3418,North Dakota
318,Patricia Park,7/28/1965,242-02-5775,Colorado
494,Kylie Chavez,1/10/1965,121-23-3816,Connecticut
644,Randy Edwards,6/29/1980,474-37-9087,Oregon
413,Glenda Hebert,5/18/1987,009-70-7625,New York
345,Erin Garrett,4/29/1980,445-78-5815,South Dakota
123,Donna Floyd,3/30/1957,213-94-1819,South Dakota
208,Brandon Watson,2/12/1974,639-72-3375,Pennsylvania
346,Paul Patterson,2/22/1985,489-14-4729,Pennsylvania
385,Hannah Henderson,12/21/1960,601-07-5897,Pennsylvania
454,Autumn Smith,7/24/1974,319-05-7279,California
209,Steven Contreras,5/31/1986,772-14-6852,Delaware
271,Miguel Russell,9/25/1986,492-82-0302,Utah
152,Kim Martin,8/3/1964,437-69-3452,South Carolina
283,Heidi Proctor,1/31/1993,105-66-9545,Ohio
592,Nicholas May,6/19/1976,713-28-8728,Kansas
469,Michael Nunez,6/22/1982,733-29-9379,West Virginia
306,Gregory Bowen,7/5/1981,122-76-1510,Ohio
237,Jennifer Juarez,6/30/1969,272-83-9009,Oklahoma
457,April Williamson,10/25/1990,285-24-8318,Kansas
293,Francisco Smith,8/12/1972,719-72-1836,North Dakota
374,Roger Taylor,11/2/1975,484-71-6293,Georgia
276,Gabriela Williams,1/10/1976,084-38-5792,Arizona
112,Stephanie Pittman,12/5/1965,444-68-0840,Maryland
333,Sarah Porter,8/9/1962,079-50-3997,Arizona
546,Ernest Cooper,9/24/1971,890-48-2003,New Jersey
496,Alexandra Fisher,3/6/1976,239-41-2206,Alaska
504,Henry Turner,11/20/1984,004-03-7954,Oklahoma
126,Charles Rogers,8/31/1984,667-72-8407,Nevada
418,Keith Lynch,2/26/1988,416-90-4803,Iowa
566,Lindsay Bowman,8/24/1972,344-18-8895,Alabama
249,Jennifer Lutz,7/5/1990,232-24-2943,Rhode Island
624,Mark Mills,11/20/1962,316-16-7406,Arkansas
358,Dawn Thomas,8/5/1960,043-89-0942,North Carolina
197,Keith Tyler,5/10/1975,762-27-7953,Missouri
538,Joseph Smith,3/12/1960,481-53-3836,Louisiana
164,Michael Dudley,3/10/1966,523-72-3459,South Dakota
450,Blake Bowman,1/17/1961,838-01-8076,North Dakota
602,Amy Graves,8/22/1994,848-22-9448,South Carolina
239,Robert Hill,10/3/1968,724-50-8902,Arkansas
627,Robert Davis,8/13/1988,075-44-5405,Maryland
459,Tammy Horton,3/6/1981,121-09-0677,Rhode Island
394,Allison Watkins,3/27/1992,133-74-1605,Nevada
554,James Mathis,11/29/1989,387-64-3276,Iowa
90,Sabrina Shelton,2/3/1958,442-21-2668,Idaho
364,Rachel Coleman,10/26/1983,462-71-7638,South Dakota
574,William Cantrell,8/17/1973,351-80-4706,California
607,Donna Carroll,9/16/1968,014-43-9127,Massachusetts
157,Tammy Harris,1/26/1961,701-82-8283,Ohio
241,Debra Pena,10/16/1957,356-92-9872,Minnesota
558,James Reilly,3/1/1957,116-55-7935,South Dakota
324,Robert Krause,3/11/1957,048-99-5246,New Mexico
183,Chad Crawford,11/5/1990,182-65-0638,Illinois
381,Luke Huerta,1/5/1986,121-69-5912,Michigan
505,Corey Long,9/6/1978,700-74-9787,Missouri
437,Joshua Flores,10/30/1987,521-50-5727,Nebraska
135,Jeffery Collins,6/1/1993,333-58-4791,Kentucky
27,Michael Clements,1/3/1994,634-52-6223,North Carolina
48,Christopher Williams,2/23/1977,139-37-6535,Hawaii
286,Laura Mata,10/22/1966,692-08-5794,Alabama
308,Jessica Campbell,9/16/1968,500-14-2121,Florida
163,Kristy Hebert,11/12/1973,543-40-9892,Washington
275,Rachel Silva,11/19/1974,484-82-3474,North Dakota
521,Tyrone Dean,1/31/1986,367-14-5932,Virginia
53,Angela White,2/17/1963,731-57-2921,Maine
539,Teresa Bell,5/12/1975,116-73-1580,Indiana
482,Edwin Williams,7/27/1981,696-38-6206,Pennsylvania
342,Hannah Hicks,6/5/1978,348-28-9383,Louisiana
150,Kevin Rivera,3/14/1994,867-07-8418,Delaware
448,Trevor Jones,7/28/1959,340-17-5747,Oregon
604,Emily Silva,4/24/1989,248-58-5242,Minnesota
154,Emma Thomas,2/25/1960,044-53-2668,North Dakota
591,Lisa Myers,7/22/1980,382-24-7446,Wisconsin
196,Jennifer King,2/4/1975,843-77-2581,Maryland
507,Dylan Walker,11/1/1971,527-92-4143,Georgia
409,Andrea Snyder,7/10/1981,063-32-3882,Kentucky
629,Samuel Lane,2/9/1992,071-25-2267,Oklahoma
305,Jennifer Cameron,5/16/1962,608-50-7541,Oregon
297,Rodney Cross,6/14/1985,773-95-4949,Nebraska
133,Dustin Brown,12/18/1990,480-31-3364,Oregon
125,Krista Mack,9/30/1969,102-27-0563,South Dakota
106,Luis Ruiz,2/1/1977,248-33-4894,Nevada
335,Cassandra Johnson,12/1/1991,172-44-0203,Alabama
648,Ruth Nichols,7/21/1990,746-43-7608,Nebraska
332,Pamela Dean,8/15/1987,279-93-3302,Connecticut
175,Beth Lee,12/8/1961,191-48-1371,Minnesota
104,Christopher Martin,4/26/1977,563-30-9812,Wyoming
314,Amanda Johnson,9/3/1974,061-41-7153,Massachusetts
551,Joseph Barnett,10/24/1959,559-56-1644,Oregon
124,Maria Burns,11/24/1979,714-40-9488,West Virginia
8,Kevin Riley,9/5/1962,460-37-5605,West Virginia
251,Brian Reyes,7/15/1962,747-56-0510,West Virginia
643,Jeffrey Robinson,6/21/1958,055-93-6490,Missouri
238,David Gardner,9/5/1961,358-50-8396,Florida
303,Tracey Downs,2/28/1974,177-86-4596,New Mexico
519,Cody Ramirez,10/15/1982,298-47-7950,Louisiana
178,Heather Gray,5/9/1981,655-20-6848,Kansas
458,Erika Lewis,2/15/1960,449-09-9111,Colorado
207,Ronald Maynard,11/22/1978,734-20-9020,Kentucky
598,Ashley Saunders,6/11/1991,174-14-5309,Georgia
352,Paul Kaufman,11/2/1978,590-30-0964,Iowa
645,Nathan Rosario,6/15/1964,505-75-5027,New York
146,Melissa Nguyen,10/6/1978,348-50-1193,Minnesota
51,Mitchell Gill,7/27/1989,281-99-7598,Kentucky
512,Michael Shaw,4/18/1977,537-54-8249,Oregon
467,Crystal Jones,12/20/1972,502-77-8160,Maryland
179,Jasmine Harrison,12/4/1957,179-98-0602,West Virginia
54,Chase Grant,5/4/1985,721-15-1229,Kansas
570,Shawn Kidd,4/10/1961,210-13-4240,Minnesota
527,Chris Robinson,1/24/1970,453-27-1013,South Carolina
288,Carla Smith,5/5/1969,340-98-6182,Alabama
382,Kimberly Burns,1/30/1985,857-45-5610,California
408,Lori Sullivan,10/5/1992,682-95-4062,New York
147,Jennifer Williams,2/25/1994,464-83-7025,Maine
198,John Lamb,3/9/1986,571-58-1494,Colorado
194,Joanne Lamb,6/28/1974,313-30-6922,Louisiana
206,David Brown,12/27/1978,893-82-4274,Delaware
76,Scott Leach,4/3/1985,216-79-5144,Arkansas
432,Andrew Tyler,4/8/1970,175-03-3511,Iowa
